team,kpi_rank,kpi_value
10,10,NA
100,100,NA
101,101,NA
102,102,NA
103,103,NA
104,104,NA
105,105,NA
106,106,NA
107,107,NA
108,108,NA
109,109,NA
11,11,NA
110,110,NA
111,111,NA
112,112,NA
113,113,NA
114,114,NA
115,115,NA
116,116,NA
117,117,NA
118,118,NA
119,119,NA
12,12,NA
120,120,NA
121,121,NA
122,122,NA
123,123,NA
124,124,NA
125,125,NA
126,126,NA
127,127,NA
128,128,NA
129,129,NA
13,13,NA
130,130,NA
131,131,NA
132,132,NA
133,133,NA
134,134,NA
135,135,NA
136,136,NA
137,137,NA
138,138,NA
139,139,NA
14,14,NA
140,140,NA
141,141,NA
142,142,NA
143,143,NA
144,144,NA
145,145,NA
146,146,NA
147,147,NA
148,148,NA
149,149,NA
15,15,NA
150,150,NA
151,151,NA
152,152,NA
153,153,NA
154,154,NA
155,155,NA
156,156,NA
157,157,NA
158,158,NA
159,159,NA
16,16,NA
160,160,NA
161,161,NA
162,162,NA
163,163,NA
164,164,NA
165,165,NA
166,166,NA
167,167,NA
168,168,NA
169,169,NA
17,17,NA
170,170,NA
171,171,NA
172,172,NA
173,173,NA
174,174,NA
175,175,NA
176,176,NA
177,177,NA
178,178,NA
179,179,NA
18,18,NA
180,180,NA
181,181,NA
182,182,NA
183,183,NA
184,184,NA
185,185,NA
186,186,NA
187,187,NA
188,188,NA
189,189,NA
19,19,NA
190,190,NA
191,191,NA
192,192,NA
193,193,NA
194,194,NA
195,195,NA
196,196,NA
197,197,NA
198,198,NA
199,199,NA
20,20,NA
200,200,NA
201,201,NA
202,202,NA
203,203,NA
204,204,NA
205,205,NA
206,206,NA
207,207,NA
208,208,NA
209,209,NA
21,21,NA
210,210,NA
211,211,NA
212,212,NA
213,213,NA
214,214,NA
215,215,NA
216,216,NA
217,217,NA
218,218,NA
219,219,NA
22,22,NA
220,220,NA
221,221,NA
222,222,NA
223,223,NA
224,224,NA
225,225,NA
226,226,NA
227,227,NA
228,228,NA
229,229,NA
23,23,NA
230,230,NA
231,231,NA
232,232,NA
233,233,NA
234,234,NA
235,235,NA
236,236,NA
237,237,NA
238,238,NA
239,239,NA
24,24,NA
240,240,NA
241,241,NA
242,242,NA
243,243,NA
244,244,NA
245,245,NA
246,246,NA
247,247,NA
248,248,NA
249,249,NA
25,25,NA
250,250,NA
251,251,NA
252,252,NA
253,253,NA
254,254,NA
255,255,NA
256,256,NA
257,257,NA
258,258,NA
259,259,NA
26,26,NA
260,260,NA
261,261,NA
262,262,NA
263,263,NA
264,264,NA
265,265,NA
266,266,NA
267,267,NA
268,268,NA
269,269,NA
27,27,NA
270,270,NA
271,271,NA
272,272,NA
273,273,NA
274,274,NA
275,275,NA
276,276,NA
277,277,NA
278,278,NA
279,279,NA
28,28,NA
280,280,NA
281,281,NA
282,282,NA
283,283,NA
284,284,NA
285,285,NA
286,286,NA
287,287,NA
288,288,NA
289,289,NA
29,29,NA
290,290,NA
291,291,NA
292,292,NA
293,293,NA
294,294,NA
295,295,NA
296,296,NA
297,297,NA
298,298,NA
299,299,NA
30,30,NA
300,300,NA
301,301,NA
302,302,NA
303,303,NA
304,304,NA
305,305,NA
306,306,NA
307,307,NA
308,308,NA
309,309,NA
31,31,NA
310,310,NA
311,311,NA
312,312,NA
313,313,NA
314,314,NA
315,315,NA
316,316,NA
317,317,NA
318,318,NA
319,319,NA
32,32,NA
320,320,NA
321,321,NA
322,322,NA
323,323,NA
324,324,NA
325,325,NA
326,326,NA
327,327,NA
328,328,NA
329,329,NA
33,33,NA
330,330,NA
331,331,NA
332,332,NA
333,333,NA
334,334,NA
335,335,NA
336,336,NA
337,337,NA
338,338,NA
339,339,NA
34,34,NA
340,340,NA
341,341,NA
342,342,NA
343,343,NA
344,344,NA
345,345,NA
346,346,NA
347,347,NA
348,348,NA
349,349,NA
35,35,NA
350,350,NA
351,351,NA
352,352,NA
353,353,NA
354,354,NA
355,355,NA
356,356,NA
357,357,NA
358,358,NA
359,359,NA
36,36,NA
360,360,NA
361,361,NA
362,362,NA
363,363,NA
364,364,NA
366,365,NA
37,37,NA
38,38,NA
39,39,NA
40,40,NA
41,41,NA
42,42,NA
43,43,NA
44,44,NA
45,45,NA
46,46,NA
47,47,NA
48,48,NA
49,49,NA
50,50,NA
51,51,NA
52,52,NA
53,53,NA
54,54,NA
55,55,NA
56,56,NA
57,57,NA
58,58,NA
59,59,NA
60,60,NA
61,61,NA
62,62,NA
63,63,NA
64,64,NA
65,65,NA
66,66,NA
67,67,NA
68,68,NA
69,69,NA
70,70,NA
71,71,NA
72,72,NA
73,73,NA
74,74,NA
75,75,NA
76,76,NA
77,77,NA
78,78,NA
79,79,NA
80,80,NA
81,81,NA
82,82,NA
83,83,NA
84,84,NA
85,85,NA
86,86,NA
87,87,NA
88,88,NA
89,89,NA
90,90,NA
91,91,NA
92,92,NA
93,93,NA
94,94,NA
95,95,NA
96,96,NA
97,97,NA
98,98,NA
99,99,NA
